Genus	Specie	Subgenus	Author	Year
Aedes	abnormalis	Aedimorphus	Theobald	1909
Aedes	aboriginis	Ochlerotatus	Dyar	1917
Aedes	abserratus	Ochlerotatus	Felt & Young	1904
Aedes	aculeatus	Ochlerotatus	Theobald	1903
Aedes	adami	Catageiomyia	Geoffroy	1971
Aedes	adersi	Diceromyia	Edwards	1917
Aedes	aegypti	Stegomyia	Linnaeus	1762
Aedes	aenigmaticus	Ochlerotatus	Cerqueira & Costa	1946
Aedes	aerarius	Aedimorphus	McIntosh	1975
Aedes	africanus	Stegomyia	Theobald	1901
Aedes	agastyai	Tewarius	Tewari & Hiriyan	1992
Aedes	agrihanensis	Stegomyia	Bohart	1957
Aedes	aitkeni	Protomacleaya	Schick	1970
Aedes	akkeshiensis	Ochlerotatus	Tanaka	1998
Aedes	albescens	Rusticoidus	Edwards	1921
Aedes	albicosta	Neomelaniconion	Edwards	1913
Aedes	albifasciatus	Ochlerotatus	Macquart	1838
Aedes	albilabris	Rampamyia	Edwards	1925
Aedes	albineus	Ochlerotatus	Séguy	1923
Aedes	albiradius	Neomelaniconion	le Goff , Boussès & Brunhes	2007
Aedes	alboannulatus	Dobrotworskyius	Macquart	1850
Aedes	alboapicus	Protomacleaya	Schick	1970
Aedes	albocephalus	Polyleptiomyia	Theobald	1903
Aedes	albocinctus	Hopkinsius	Barraud	1924
Aedes	albodorsalis	Aedimorphus	Fontenille & Brunhes	1985
Aedes	albolateralis	Downsiomyia	Theobald	1908
Aedes	albolineatus	Scutomyia	Theobald	1904
Aedes	albomarginatus	Pseudarmigeres	Newstead	1907
Aedes	alboniveus	Downsiomyia	Barraud	1934
Aedes	albonotatus	Howardina	Coquillett	1906
Aedes	albopictus	Stegomyia	Skuse	1895
Aedes	alboscutellatus	Aedimorphus	Theobald	1905
Aedes	albotaeniatus	Danielsia	Leicester	1904
Aedes	albothorax	Neomelaniconion	Theobald	1907
Aedes	alboventralis	Aedimorphus	Theobald	1910
Aedes	alcasidi	Stegomyia	Huang	1972
Aedes	alektorovi	Bruceharrisonius	Stackelberg	1943
Aedes	alexandrei	Aedes	Gornostaeva	2005
Aedes	alius	Gilesius	Lien	1968
Aedes	allotecnon	Howardina	Kumm , Komp & Ruiz	1940
Aedes	alocasicola	Finlaya	Marks	1947
Aedes	alongi	Bothaella	Galliard & Ngu	1947
Aedes	aloponotum	Ochlerotatus	Dyar	1917
Aedes	alorensis	Stegomyia	Bonne Wepster & Brug	1932
Aedes	alternans	Mucidus	Westwood	1835
Aedes	alticola	subgenus uncertain	Bonne Wepster	1948
Aedes	amabilis	Protomacleaya	Schick	1970
Aedes	amaltheus	Stegomyia	de Meillon & Lavoipierre	1944
Aedes	amateuri	Ochlerotatus	Ortega & Zavortink	2019
Aedes	ambreensis	Ochlerotatus	Rodhain & Boutonnier	1983
Aedes	ambremontis	Paulianius	Brunhes & Boussès	2017
Aedes	amesii	Lorrainea	Ludlow	1903
Aedes	ananae	Finlaya	Knight & Laffoon	1946
Aedes	andersoni	Ochlerotatus	Edwards	1926
Aedes	andrewsi	Stegomyia	Edwards	1926
Aedes	anggiensis	Patmarksia	Bonne Wepster	1937
Aedes	angustivittatus	Ochlerotatus	Dyar & Knab	1907
Aedes	angustus	Stegomyia	Edwards	1935
Aedes	annandalei	Stegomyia	Theobald	1910
Aedes	annulipes	Ochlerotatus	Meigen	1830
Aedes	annulirostris	Christophersiomyia	Theobald	1905
Aedes	antipodeus	Ochlerotatus	Edwards	1920
Aedes	aobae	Stegomyia	Belkin	1962
Aedes	apicoannulatus	Elpeytonius	Edwards	1912
Aedes	apicoargenteus	Stegomyia	Theobald	1909
Aedes	arborealis	Howardina	Bonne Wepster & Bonne	1920
Aedes	arboricola	Scutomyia	Knight & Rozeboom	1946
Aedes	argenteitarsis	Patmarksia	Brug	1932
Aedes	argenteopunctatus	Catageiomyia	Theobald	1901
Aedes	argenteoscutellatus	Aedimorphus	Carter & Wijesundara	1948
Aedes	argenteoventralis	Pseudarmigeres	Theobald	1909
Aedes	argyrites	Howardina	Dyar & Nuñez , Tovar	1927
Aedes	argyronotum	Patmarksia	Belkin	1962
Aedes	argyrothorax	Protomacleaya	Bonne Wepster & Bonne	1920
Aedes	ashworthi	Halaedes	Edwards	1921
Aedes	assamensis	Phagomyia	Theobald	1908
Aedes	atactavittatus	Ochlerotatus	Arnell	1976
Aedes	atlanticus	Ochlerotatus	Dyar & Knab	1906
Aedes	atropalpus	Georgecraigius	Coquillett	1902
Aedes	aurantius	Mucidus	Theobald	1907
Aedes	auratus	Ochlerotatus	Grabham	1906
Aedes	aureolineatus	Howardina	Berlin	1969
Aedes	aureostriatus	Bruceharrisonius	Doleschall	1857
Aedes	auridorsum	Molpemyia	Edwards	1922
Aedes	aurifer	Ochlerotatus	Coquillett	1903
Aedes	aurimargo	Leptosomatomyia	Edwards	1922
Aedes	aurites	Howardina	Theobald	1907
Aedes	aurivittatus	Howardina	Cerqueira	1943
Aedes	auronitens	subgenus uncertain	Edwards	1922
Aedes	aurotaeniatus	Belkinius	Edwards	1922
Aedes	aurovenatus	Neomelaniconion	Worth	1960
Aedes	australiensis	subgenus uncertain	Theobald	1910
Aedes	australis	Halaedes	Erichson	1842
Aedes	avistylus	Finlaya	Brug	1939
Aedes	axitiosus	Downsiomyia	Kulasekera , Knight & Harbach	1990
Aedes	bahamensis	Howardina	Berlin	1969
Aedes	baisasi	Geoskusea	Knight & Hull	1951
Aedes	bambiotai	Aedimorphus	Geoffroy	1987
Aedes	bambusae	Stegomyia	Edwards	1935
Aedes	bambusicola	Scutomyia	Knight & Rozeboom	1946
Aedes	bananea	Diceromyia	Wolfs	1958
Aedes	bancoi	Aedimorphus	Geoffroy	1987
Aedes	bancroftianus	Ochlerotatus	Edwards	1921
Aedes	banksi	Collessius	Edwards	1922
Aedes	barnardi	Hopkinsius	Edwards	1924
Aedes	barraudi	Paraedes	Edwards	1934
Aedes	becki	Geoskusea	Belkin	1962
Aedes	bedfordi	Catageiomyia	Edwards	1936
Aedes	behningi	Ochlerotatus	Martini	1926
Aedes	bejaranoi	Ochlerotatus	Martinez , Carcavallo & Prosen	1960
Aedes	bekkui	Edwardsaedes	Mogi	1977
Aedes	belleci	Neomelaniconion	le Goff , Boussès & Brunhes	2007
Aedes	bequaerti	Neomelaniconion	Wolfs	1947
Aedes	bergerardi	Neomelaniconion	Pajot & Geoffroy	1971
Aedes	berlandi	Ochlerotatus	Séguy	1921
Aedes	berlini	Protomacleaya	Schick	1970
Aedes	bertrami	Protomacleaya	Schick	1970
Aedes	bevisi	Aedimorphus	Edwards	1915
Aedes	bhutanensis	Hulecoeteomyia	Somboon & Harbach	2020
Aedes	bicristatus	Rusticoidus	Thurman & Winkler	1950
Aedes	bimaculatus	Ochlerotatus	Coquillett	1902
Aedes	biocellatus	subgenus uncertain	Taylor	1914
Aedes	biskraensis	Ochlerotatus	Brunhes	1999
Aedes	biunguiculatus	Nyctomyia	Harbach	2014
Aedes	blacklocki	Stegomyia	Evans	1925
Aedes	bogotanus	Ochlerotatus	Arnell	1976
Aedes	boharti	Scutomyia	Knight & Rozeboom	1946
Aedes	bolensis	Neomelaniconion	Edwards	1936
Aedes	boneti	Bifidistylus	Gil , Collado	1936
Aedes	bonneae	Paraedes	Mattingly	1958
Aedes	bougainvillensis	Finlaya	Marks	1947
Aedes	braziliensis	Protomacleaya	Gordon & Evans	1922
Aedes	breedensis	Ochlerotatus	Muspratt	1953
Aedes	brelandi	Protomacleaya	Zavortink	1972
Aedes	brevis	Howardina	Berlin	1969
Aedes	brevitibia	Alanstonea	Edwards	1914)
Aedes	brevivittatus	Howardina	Berlin	1969
Aedes	britteni	subgenus uncertain	Marks & Hodgkin	1958
Aedes	bromeliae	Stegomyia	Theobald	1911
Aedes	brownscutumus	Bothaella	Dong , Zhou & Dong	1999
Aedes	brunhesi	Zavortinkius	Reinert	1999
Aedes	brygooi	Zavortinkius	Brunhes	1971
Aedes	buenaventura	Protomacleaya	Schick	1970
Aedes	burgeri	Protomacleaya	Zavortink	1972
Aedes	burjaticus	Ochlerotatus	Kuchartshuk	1973
Aedes	burnetti	Finlaya	Belkin	1962
Aedes	burnsi	Stegomyia	Basio & Reisen	1971
Aedes	burpengaryensis	Ochlerotatus	Theobald	1905
Aedes	busckii	Howardina	Coquillett	1906
Aedes	buxtoni	Patmarksia	Belkin	1962
Aedes	caballus	Ochlerotatus	Theobald	1912
Aedes	cacharanus	Phagomyia	Barraud	1923
Aedes	cacozelus	Ochlerotatus	Marks	1963
Aedes	caecus	Aedimorphus	Theobald	1901
Aedes	calabyi	Macleaya	Marks	1963
Aedes	calcariae	Ochlerotatus	Marks	1957
Aedes	calceatus	Stegomyia	Edwards	1924
Aedes	caliginosus	Aedimorphus	Graham	1910
Aedes	calumnior	Ochlerotatus	Belkin , Heinemann & Page	1970
Aedes	campana	Protomacleaya	Schick	1970
Aedes	campestris	Ochlerotatus	Dyar & Knab	1907
Aedes	camptorhynchus	Ochlerotatus	Thomson	1869
Aedes	canadensis	Ochlerotatus	Theobald	1901
Aedes	cancricomes	Cancraedes	Edwards	1922
Aedes	candidoscutellum	subgenus uncertain	Marks	1947
Aedes	cantans	Ochlerotatus	Meigen	1818
Aedes	cantator	Ochlerotatus	Coquillett	1903
Aedes	capensis	Albuginosus	Edwards	1924
Aedes	carteri	Neomelaniconion	Edwards	1936
Aedes	cartroni	Skusea	Ventrillon	1906
Aedes	casali	Protomacleaya	Schick	1970
Aedes	caspius	Ochlerotatus	Pallas	1771
Aedes	cataphylla	Ochlerotatus	Dyar	1916
Aedes	cavaticus	Isoaedes	Reinert	1979
Aedes	cavernicola	Borichinda	Rattanarithikul & Harbach	2007
Aedes	celebicus	Lorrainea	Mattingly	1959
Aedes	centropunctatus	Aedimorphus	Theobald	1913
Aedes	chamboni	Catageiomyia	Cornet	1968
Aedes	chaussieri	Stegomyia	Edwards	1923
Aedes	chelli	Ochlerotatus	Edwards	1915
Aedes	chemulpoensis	Stegomyia	Yamada	1921
Aedes	cherrapunjiensis	Hulecoeteomyia	Natarajan , Rajavel & Jambulingam	2016
Aedes	chionodes	Christophersiomyia	Belkin	1962
Aedes	chionotum	Protomacleaya	Zavortink	1972
Aedes	christophersi	Bruceharrisonius	Edwards	1922
Aedes	chrysolineatus	Hulecoeteomyia	Theobald	1907
Aedes	chrysoscuta	Paraedes	Theobald	1910
Aedes	chungi	Jihlienius	Lien	1968
Aedes	churchillensis	Ochlerotatus	Ellis & Brust	1973
Aedes	cinereus	Aedes	Meigen	1818
Aedes	circumluteolus	Neomelaniconion	Theobald	1908
Aedes	clelandi	Ochlerotatus	Taylor	1914
Aedes	clintoni	Patmarksia	Taylor	1946
Aedes	clivis	Ochlerotatus	Lanzaro & Eldridge	1992
Aedes	cogilli	Phagomyia	Edwards	1922
Aedes	collessi	Paraedes	Mattingly	1958
Aedes	coluzzii	Ochlerotatus	Rioux , Guilvard & Pasteur	1998
Aedes	comitatus	Ochlerotatus	Arnell	1976
Aedes	communis	Ochlerotatus	de Geer	1776
Aedes	condolescens	Ochlerotatus	Dyar & Knab	1907
Aedes	contiguus	Stegomyia	Edwards	1936
Aedes	continentalis	Ochlerotatus	Dobrotworsky	1960
Aedes	cooki	Stegomyia	Belkin	1962
Aedes	cordellieri	Diceromyia	Huang	1986
Aedes	corneti	Stegomyia	Huang	1986
Aedes	coulangesi	Paulianius	Rodhain & Boutonnier	1983
Aedes	cozi	Cornetius	Cornet	1973
Aedes	cozumelensis	Howardina	Diaz , Nájera	1966
Aedes	craggi	Stegomyia	Barraud	1923
Aedes	crassiforceps	Neomelaniconion	Edwards	1927
Aedes	cretinus	Stegomyia	Edwards	1921
Aedes	crinifer	Ochlerotatus	Theobald	1903
Aedes	croceus	Finlaya	Knight & Laffoon	1946
Aedes	crossi	subgenus uncertain	Lien	1967
Aedes	culiciformis	Pseudoskusea	Theobald	1905
Aedes	culicinus	Aedimorphus	Edwards	1922
Aedes	cumminsii	Aedimorphus	Theobald	1903
Aedes	cunabulanus	Ochlerotatus	Edwards	1924
Aedes	curtipes	Cancraedes	Edwards	1915
Aedes	cyprioides	Ochlerotatus	Danilov & Stupin	1982
Aedes	cyprius	Ochlerotatus	Ludlow	1920
Aedes	daggyi	Geoskusea	Stone & Bohart	1944
Aedes	dahlae	Ochlerotatus	Nielsen	2009
Aedes	dahuricus	Aedes	Danilov	1987
Aedes	daitensis	Stegomyia	Miyagi & Toma	1981
Aedes	daliensis	Ochlerotatus	Taylor	1916
Aedes	dalzieli	Aedimorphus	Theobald	1910
Aedes	daryi	Protomacleaya	Schick	1970
Aedes	dasyorrhus	Lorrainea	King & Hoogstraal	1946
Aedes	davidi	Aedimorphus	Basio	1971
Aedes	deboeri	Stegomyia	Edwards	1926
Aedes	deccanus	Phagomyia	Barraud	1923
Aedes	decticus	Ochlerotatus	Howard , Dyar & Knab	1917
Aedes	deficiens	Ochlerotatus	Arnell	1976
Aedes	demeilloni	Stegomyia	Edwards	1936
Aedes	denderensis	Stegomyia	Wolfs	1949
Aedes	dendrophilus	Stegomyia	Edwards	1921
Aedes	dentatus	Aedimorphus	Theobald	1904
Aedes	derooki	Patmarksia	Brug	1932
Aedes	deserticola	Jarnellius	Zavortink	1970
Aedes	desmotes	Stegomyia	Giles	1904
Aedes	detritus	Ochlerotatus	Haliday	1833
Aedes	dialloi	Catageiomyia	Hamon & Brengues	1965
Aedes	diantaeus	Ochlerotatus	Howard , Dyar & Knab	1913
Aedes	diazi	Protomacleaya	Schick	1970
Aedes	dissimilierodes	Kenknightia	Dong , Zhou & Dong	2002
Aedes	dissimilis	Kenknightia	Leicester	1908
Aedes	dmitryi	Aedes	Gornostaeva	2005
Aedes	dobodurus	Patmarksia	King & Hoogstraal	1946
Aedes	dobrotworskyi	Finlaya	Marks	1958
Aedes	domesticus	Aedimorphus	Theobald	1901
Aedes	doonii	Bruceharrisonius	Wattal , Bhatia & Kalra	1958
Aedes	dorsalis	Ochlerotatus	Meigen	1830
Aedes	dorseyi	Downsiomyia	Knight	1946
Aedes	dufouri	Ochlerotatus	Hamon	1953
Aedes	duplex	Ochlerotatus	Martini	1926
Aedes	dupreei	Ochlerotatus	Coquillett	1904
Aedes	durbanensis	Aedimorphus	Theobald	1903
Aedes	dybasi	Stegomyia	Bohart	1957
Aedes	dzeta	Ochlerotatus	Séguy	1924
Aedes	ealaensis	Stegomyia	Huang	2004
Aedes	eatoni	subgenus uncertain	Edwards	1916
Aedes	ebogoensis	Aedimorphus	Rickenbach & Ferrara	1965
Aedes	echinus	Dahliana	Edwards	1920
Aedes	ecuadoriensis	Howardina	Berlin	1969
Aedes	edgari	Ochlerotatus	Stone & Rosen	1952
Aedes	edwardsi	Stegomyia	Barraud	1923
Aedes	eidsvoldensis	Ochlerotatus	Mackerras	1927
Aedes	elchoensis	Macleaya	Taylor	1929
Aedes	eldridgei	Bothaella	Reinert	1973
Aedes	eleanorae	Howardina	Berlin	1969
Aedes	ellinorae	Neomelaniconion	Edwards	1941
Aedes	elsiae	Collessius	Barraud	1923
Aedes	embuensis	Hopkinsius	Edwards	1930
Aedes	epactius	Georgecraigius	Dyar & Knab	1908
Aedes	eritreae	Aedimorphus	Lewis	1942
Aedes	esoensis	Aedes	Yamada	1921
Aedes	ethiopiensis	Stegomyia	Huang	2004
Aedes	eucephalaeus	Ochlerotatus	Dyar	1918
Aedes	euedes	Ochlerotatus	Howard , Dyar & Knab	1913
Aedes	euiris	Ochlerotatus	Dyar	1922
Aedes	euplocamus	Ochlerotatus	Dyar & Knab	1906
Aedes	excrucians	Ochlerotatus	Walker	1856
Aedes	explorator	Ochlerotatus	Marks	1964
Aedes	falabreguesi	Catageiomyia	Hamon	1957
Aedes	fascipalpis	Diceromyia	Edwards	1912
Aedes	feegradei	Phagomyia	Barraud	1934
Aedes	fengi	Luius	Edwards	1935
Aedes	ferinus	Mucidus	Knight	1947
Aedes	fijiensis	Finlaya	Marks	1947
Aedes	filicis	Catageiomyia	Ingram & de Meillon	1927
Aedes	fimbripes	Geoskusea	Edwards	1924
Aedes	fitchii	Ochlerotatus	Felt & Young	1904
Aedes	flavescens	Ochlerotatus	Müller	1764
Aedes	flavicollis	Diceromyia	Edwards	1928
Aedes	flavifrons	Ochlerotatus	Skuse	1889
Aedes	flavimargo	Neomelaniconion	Edwards	1941
Aedes	flavipennis	Finlaya	Giles	1904
Aedes	flavopictus	Stegomyia	Yamada	1921
Aedes	fluviatilis	Georgecraigius	Lutz	1904
Aedes	fontenillei	Neomelaniconion	le Goff , Boussès & Brunhes	2007
Aedes	formosensis	Hulecoeteomyia	Yamada	1921
Aedes	fowleri	Aedimorphus	de Charmoy	1908
Aedes	franciscoi	Petermattinglyius	Mattingly	1959
Aedes	franclemonti	Finlaya	Belkin	1962
Aedes	fraseri	Stegomyia	Edwards	1912
Aedes	freycinetiae	Finlaya	Laird	1957
Aedes	fryeri	Coetzeemyia	Theobald	1912
Aedes	fulgens	Zavortinkius	Edwards	1917
Aedes	fulvithorax	Howardina	Lutz	1904
Aedes	fulvus	Ochlerotatus	Wiedemann	1828
Aedes	fumidus	Lorrainea	Edwards	1928
Aedes	furcifer	Diceromyia	Edwards	1913
Aedes	fuscinervis	Neomelaniconion	Edwards	1914
Aedes	fuscipalpis	Finlaya	Belkin	1962
Aedes	fuscitarsis	Finlaya	Belkin	1962
Aedes	futunae	Stegomyia	Belkin	1962
Aedes	gabriel	Protomacleaya	Schick	1970
Aedes	gaffigani	Kenknightia	Reinert	1990
Aedes	gahnicola	Finlaya	Marks	1947
Aedes	galindoi	Protomacleaya	Schick	1970
Aedes	galloisi	Stegomyia	Yamada	1921
Aedes	galloisioides	Stegomyia	Liu & Lu	1984
Aedes	ganapathi	Downsiomyia	Colless	1958
Aedes	gandaensis	Stegomyia	Huang	2004
1995	gandarai	Polyleptiomyia	da	Cunha,Ramos,Capela&Ribeiro,
Aedes	gani	Finlaya	Bonne Wepster	1940
Aedes	gardnerii	Stegomyia	Ludlow	1905
Aedes	geminus	Aedes	Peus	1970
Aedes	geniculatus	Dahliana	Olivier	1791
Aedes	geoffroyi	Zavortinkius	Reinert	1999
Aedes	geoskusea	Levua	Amos	1944
Aedes	gibbinsi	Aedimorphus	Edwards	1935
1985	gilcolladoi	Dahliana	Sánchez Covisa , Villa , Rodríguez , Rodríguez & Guillé	Llera,
Aedes	gilli	Himalaius	Barraud	1924
Aedes	gilliesi	Albuginosus	van Someren	1962
Aedes	gombakensis	Christophersiomyia	Mattingly	1959
Aedes	gonguoensis	Jihlienius	Gong & Lu	1986
Aedes	gouldi	Aedimorphus	Reinert	1972
Aedes	grabhami	Howardina	Berlin	1969
Aedes	gracilelineatus	subgenus uncertain	Bonne Wepster	1937
Aedes	grahamii	Mucidus	Theobald	1909
Aedes	grantii	Stegomyia	Theobald	1901
Aedes	grassei	Paulianius	Doucet	1951
Aedes	greenii	Bruceharrisonius	Theobald	1903
Aedes	grenieri	Catageiomyia	Hamon , Service , Adam & Taufflieb	1961
Aedes	gressitti	Finlaya	Bohart	1957
Aedes	griffithi	Ayurakitia	Thurman	1954
Aedes	grjebinei	Pseudalbuginosus	Hamon , Taufflieb & Maillot	1957
Aedes	grossbecki	Ochlerotatus	Dyar & Knab	1906
Aedes	guamensis	Stegomyia	Farner & Bohart	1944
Aedes	guatemala	Howardina	Berlin	1969
Aedes	gubernatoris	Phagomyia	Giles	1901
Aedes	guerrero	Howardina	Berlin	1969
Aedes	gurneyi	Stegomyia	Stone & Bohart	1944
Aedes	gutzevichi	Ochlerotatus	Dubitsky & Deshevykh	1978
Aedes	hakanssoni	Stegomyia	Knight & Hurlbut	1949
Aedes	hakusanensis	Ochlerotatus	Yamaguti & Tamaboko	1954
Aedes	hancocki	Vansomerenis	van Someren	1962
Aedes	hansfordi	Stegomyia	Huang	1997
Aedes	harbachi	Kenknightia	Reinert	1990
Aedes	harinasutai	Downsiomyia	Knight	1978
Aedes	harperi	Danielsia	Knight	1948
Aedes	harrisoni	Ochlerotatus	Muspratt	1953
Aedes	harveyi	Hulecoeteomyia	Barraud	1923
Aedes	hastatus	Ochlerotatus	Dyar	1922
Aedes	hatorii	Collessius	Yamada	1921
Aedes	haworthi	Albuginosus	Edwards	1923
Aedes	hebrideus	Stegomyia	Edwards	1926
Aedes	heischi	Stegomyia	van Someren	1951
Aedes	helenae	Bothaella	Reinert	1973
Aedes	hendersoni	Protomacleaya	Cockerell	1918
Aedes	hensilli	Stegomyia	Farner	1945
Aedes	hesperonotius	Ochlerotatus	Marks	1959
Aedes	heteropus	Protomacleaya	Dyar	1921
Aedes	hexodontus	Ochlerotatus	Dyar	1916
Aedes	hirsutus	Paulianius	Brunhes & Boussès	2017
Aedes	hirsutus	Aedimorphus	Theobald	1901
Aedes	hodgkini	Ochlerotatus	Marks	1959
Aedes	hogsbackensis	Stegomyia	Huang	2004
Aedes	hoguei	Stegomyia	Belkin	1962
Aedes	hokkaidensis	Ochlerotatus	Tanaka , Mizusawa & Saugstad	1979
Aedes	hollandius	Patmarksia	King & Hoogstraal	1946
Aedes	hollingsheadi	Finlaya	Belkin	1962
Aedes	holocinctus	Aedimorphus	Edwards	1941
Aedes	homoeopus	Protomacleaya	Dyar	1922
Aedes	hoogstraali	Scutomyia	Knight & Rozeboom	1946
Aedes	hopkinsi	Catageiomyia	Edwards	1936
Aedes	horotoi	Finlaya	Taylor	1972
Aedes	horrescens	Stegomyia	Edwards	1935
Aedes	hortator	Sallumia	Dyar & Knab	1907
Aedes	huangae	Zavortinkius	Reinert	1999
Aedes	hui	Finlaya	Bohart	1957
Aedes	humeralis	Macleaya	Edwards	1922
Aedes	hungaricus	Ochlerotatus	Mihályi	1955
Aedes	hurlbuti	Bruceharrisonius	Lien	1967
Aedes	ibis	Christophersiomyia	Barraud	1931
Aedes	idanus	Protomacleaya	Schick	1970
Aedes	idjenensis	Downsiomyia	Brug	1934
Aedes	impatibilis	Scutomyia	Walker	1860
Aedes	imperfectus	Ochlerotatus	Dobrotworsky	1962
Aedes	impiger	Ochlerotatus	Walker	1848
Aedes	implicatus	Ochlerotatus	Vockeroth	1954
Aedes	impostor	Protomacleaya	Schick	1970
Aedes	imprimens	Edwardsaedes	Walker	1861
Aedes	inaequalis	Howardina	Grabham	1907
Aedes	incomptus	Ochlerotatus	Arnell	1976
Aedes	increpitus	Ochlerotatus	Dyar	1916
Aedes	indonesiae	Cancraedes	Mattingly	1958
Aedes	inermis	Downsiomyia	Colless	1958
Aedes	inexpectatus	Ochlerotatus	Bonne Wepster	1948
Aedes	infirmatus	Ochlerotatus	Dyar & Knab	1906
Aedes	ingrami	Hopkinsius	Edwards	1930
Aedes	inquinatus	Phagomyia	Edwards	1922
Aedes	insolens	Catageiomyia	Edwards	1936
Aedes	insolitus	Protomacleaya	Coquillett	1906
Aedes	intermedius	Ochlerotatus	Danilov & Gornostaeva	1987
Aedes	interruptus	Zavortinkius	Reinert	1999
Aedes	intrudens	Ochlerotatus	Dyar	1919
Aedes	ioliota	Howardina	Dyar & Knab	1913
Aedes	irritans	Catageiomyia	Theobald	1901
Aedes	iwi	Phagomyia	Marks	1955
Aedes	iyengari	Petermattinglyius	Edwards	1923
Aedes	jacobinae	Ochlerotatus	Serafim & Davis	1933
Aedes	jambulingami	Paraedes	Natarajan	2019
Aedes	jamesi	Aedimorphus	Edwards	1914
Aedes	jamoti	Neomelaniconion	Hamon & Rickenbach	1954
Aedes	japonicus	Hulecoeteomyia	Theobald	1901
Aedes	jorgi	Ochlerotatus	Carpintero & Leguizamón	2000
Aedes	josephinae	Finlaya	Marks	1958
Aedes	josiahae	Stegomyia	Huang	1988
Aedes	jugraensis	Hulecoeteomyia	Leicester	1908
Aedes	juppi	Ochlerotatus	McIntosh	1973
Aedes	kabaenensis	Geoskusea	Brug	1939
Aedes	kanarensis	Dendroskusea	Edwards	1934
Aedes	kapretwae	Albuginosus	Edwards	1941
Aedes	karooensis	Aedimorphus	Muspratt	1961
Aedes	karwari	Kenknightia	Barraud	1924
Aedes	kasachstanicus	Ochlerotatus	Gutsevich	1962
Aedes	katherinensis	Stegomyia	Woodhill	1949
Aedes	keefei	subgenus uncertain	King & Hoogstraal	1946
Aedes	keniensis	Stegomyia	van Someren	1946
Aedes	kennethi	Albuginosus	Muspratt	1956
Aedes	kenyae	Stegomyia	van Someren	1946
Aedes	kesseli	Stegomyia	Huang & Hitchcock	1980
Aedes	khazani	Phagomyia	Edwards	1922
Aedes	kiangsiensis	Phagomyia	Tung	1955
Aedes	kivuensis	Stegomyia	Edwards	1941
Aedes	kleini	Bothaella	Reinert	1973
Aedes	knabi	Protomacleaya	Coquillett	1906
Aedes	knighti	Finlaya	Stone & Bohart	1944
Aedes	kobayashii	Bruceharrisonius	Nakata	1956
Aedes	kochi	Finlaya	Dönitz	1901
Aedes	kohkutensis	Cancraedes	Mattingly	1958
Aedes	kompi	Protomacleaya	Vargas & Downs	1950
Aedes	koreicoides	subgenus uncertain	Sasa , Kano & Hayashi	1950
Aedes	koreicus	Hulecoeteomyia	Edwards	1917
Aedes	krombeini	Stegomyia	Huang	1975
Aedes	krymmontanus	Rusticoidus	Alekseev	1989
Aedes	kummi	Pseudarmigeres	Edwards	1930
Aedes	lacteus	Downsiomyia	Knight	1946
Aedes	laffooni	Scutomyia	Knight & Rozeboom	1946
Aedes	laguna	Jarnellius	Arnell & Nielsen	1972
Aedes	lamborni	Bifidistylus	Edwards	1923
Aedes	lambrechti	Skusea	van Someren	1971
Aedes	lamelliferus	Lorrainea	Bohart & Ingram	1946
Aedes	langata	Stegomyia	van Someren	1946
Aedes	laniger	Mucidus	Wiedemann	1820
Aedes	laoagensis	Downsiomyia	Knight	1946
Aedes	lasaensis	Ochlerotatus	Meng	1962
Aedes	lauriei	subgenus uncertain .	Carter	1920
Aedes	ledgeri	Stegomyia	Huang	1981
Aedes	leei	Howardina	Berlin	1969
Aedes	leesoni	Aedimorphus	Edwards	1932
Aedes	leonis	Downsiomyia	Colless	1958
Aedes	lepchanus	Danielsia	Barraud	1923
Aedes	lepidonotus	Rusticoidus	Edwards	1920
Aedes	lepidus	Ochlerotatus	Cerqueira & Paraense	1945
Aedes	leptolabis	Aedimorphus	Edwards	1936
Aedes	lerozeboomi	Kenknightia	Reinert	1990
Aedes	leucarthrius	Aedimorphus	Speiser	1909
Aedes	leucomelas	Ochlerotatus	Meigen	1804
Aedes	leucomeres	Kenknightia	Giles	1904
Aedes	lewelleni	Finlaya	Starkey & Webb	1946
Aedes	lewnielseni	Protomacleaya	Ortega & Zavortink	2019
Aedes	lilii	Stegomyia	Theobald	1910
Aedes	lineatopennis	Neomelaniconion	Ludlow	1905
Aedes	linesi	Ochlerotatus	Marks	1964
Aedes	litoreus	Downsiomyia	Colless	1958
Aedes	littlechildi	Macleaya	Taylor	1933
Aedes	litwakae	Kenknightia	Reinert	1990
Aedes	lokojensis	Catageiomyia	Service	1959
Aedes	longifilamentus	Ochlerotatus	Su & Zhang	1988
Aedes	longiforceps	Geoskusea	Edwards	1929
Aedes	longipalpis	Zavortinkius	Grünberg	1905
Aedes	longirostris	Rhinoskusea	Leicester	1908
Aedes	longiseta	Aedimorphus	Edwards	1936
Aedes	lophoventralis	Phagomyia	Theobald	1910
Aedes	lorraineae	Howardina	Berlin	1969
Aedes	lottei	Catageiomyia	Hamon & Brengues	1965
Aedes	lowisii	Aedimorphus	Theobald	1910
Aedes	lucianus	Mucidus	Muspratt	1959
Aedes	lunulatus	Geoskusea	King & Hoogstraal	1946
Aedes	luridus	Neomelaniconion	McIntosh	1971
Aedes	luteifemur	Ochlerotatus	Edwards	1926
Aedes	luteocephalus	Stegomyia	Newstead	1907
Aedes	luteolateralis	Neomelaniconion	Theobald	1901
Aedes	luteostriatus	Vansomerenis	Robinson	1950
Aedes	luteus	Finlaya	Ludlow	1905
Aedes	luzonensis	Kenknightia	Rozeboom	1946
Aedes	macdougalli	Collessius	Edwards	1922
Aedes	macfarlanei	Collessius	Edwards	1914
Aedes	macintoshi	Ochlerotatus	Marks	1959
Aedes	mackerrasi	Patmarksia	Taylor	1927
Aedes	macmillani	Macleaya	Marks	1964
Aedes	madagascarensis	Paulianius	van Someren	1949
Aedes	maehleri	Stegomyia	Bohart	1957
Aedes	maffii	Finlaya	Taylor & Tenorio	1974
Aedes	malayensis	Stegomyia	Colless	1962
Aedes	malikuli	Stegomyia	Huang	1973
Aedes	mallochi	subgenus uncertain	Taylor	1944
Aedes	mamoedjoensis	Cancraedes	Mattingly	1958
Aedes	manhi	Bothaella	Harbach & Cook	2010
Aedes	mansouri	Aedimorphus	Qutubuddin	1959
Aedes	mariae	Acartomyia	Sergent & Sergent	1903
Aedes	marinkellei	Howardina	Berlin	1969
Aedes	marshallensis	Stegomyia	Stone & Bohart	1944
Aedes	marshallii	Albuginosus	Theobald	1901
Aedes	martineti	Ochlerotatus	Senevet	1937
Aedes	martinezi	Howardina	Berlin	1969
Aedes	mascarensis	Stegomyia	MacGregor	1924
Aedes	masculinus	Cancraedes	Mattingly	1958
Aedes	masoalensis	Aedimorphus	Fontenille & Brunhes	1985
Aedes	masseyi	Stegomyia	Edwards	1923
Aedes	mathioti	Aedimorphus	Fontenille & Brunhes	1985
Aedes	mattinglyi	Aedimorphus	Hamon & Rickenbach	1954
Aedes	mattinglyorum	Stegomyia	Huang	1994
Aedes	maxgermaini	Stegomyia	Huang	1990
Aedes	mcdonaldi	Ochlerotatus	Belkin	1962
Aedes	mcintoshi	Neomelaniconion	Huang	1985
Aedes	medialis	Huaedes	Brug	1932
Aedes	mediolineatus	Aedimorphus	Theobald	1901
Aedes	mediopunctatus	Stegomyia	Theobald	1905
Aedes	mediovittatus	Gymnometopa	Coquillett	1906
Aedes	medleri	Finlaya	Knight & Laffoon	1946
Aedes	mefouensis	Diceromyia	Ferrara	1974
Aedes	melanimon	Ochlerotatus	Dyar	1924
Aedes	melanopterus	Phagomyia	Giles	1904
Aedes	menoni	Paraedes	Mattingly	1958
Aedes	meprai	Ochlerotatus	Martínez & Prosen	1953
Aedes	mercurator	Ochlerotatus	Dyar	1920
Aedes	meronephada	Catatassomyia	Dyar & Shannon	1925
Aedes	metallicus	Stegomyia	Edwards	1912
Aedes	metoecopus	Protomacleaya	Dyar	1925
Aedes	michaelikati	Pseudarmigeres	van Someren	1946
Aedes	mickevichae	Stegomyia	Huang	1988
Aedes	micropterus	Dendroskusea	Giles	1901
Aedes	microstictus	Catageiomyia	Edwards	1936
Aedes	mikrokopion	Downsiomyia	Knight & Harrison	1988
Aedes	milleri	Ochlerotatus	Dyar	1922
Aedes	milsoni	Dobrotworskyius	Taylor	1915
Aedes	minutus	Catageiomyia	Theobald	1901
Aedes	mitchellae	Ochlerotatus	Dyar	190b
Aedes	mixtus	Catageiomyia	Edwards	1936
Aedes	mjobergi	Downsiomyia	Edwards	192b
Aedes	mohani	Downsiomyia	Knight	1969
Aedes	moloiensis	Macleaya	Taylor	1929
Aedes	monetus	Zavortinkius	Edwards	1935
Aedes	monocellatus	subgenus uncertain	Marks	1948
Aedes	monotrichus	Neomelaniconion	Edwards	1936
Aedes	montchadskyi	Ochlerotatus	Dubitsky	1968
Aedes	monticola	Jarnellius	Belkin & McDonald	1957
Aedes	moucheti	Skusea	Ravaonjanahary & Brunhes	1977
Aedes	mpusiensis	Stegomyia	Huang	2004
Aedes	mubiensis	Aedes	Luh & Shih	1958
Aedes	mucidus	Mucidus	Karsch	1887
Aedes	muelleri	Lewnielsenius	Dyar	1920
Aedes	multiplex	Pseudoskusea	Theobald	1903
Aedes	muroafcete	Stegomyia	Huang	1997
Aedes	mutila	Catageiomyia	Edwards	1936
Aedes	mzooi	Zavortinkius	van Someren	1962
Aedes	natalensis	Pseudarmigeres	Edwards	1930
Aedes	nataliae	Aedes	Gornostaeva	2005
Aedes	natronius	Aedimorphus	Edwards	1932
Aedes	neoafricanus	Stegomyia	Cornet , Valade & Dieng	1978
Aedes	neogalloisi	Stegomyia	Chen & Chen	2000
Aedes	neogeorgianus	Finlaya	Belkin	1962
Aedes	neopandani	Stegomyia	Bohart	1957
Aedes	nevadensis	Ochlerotatus	Chapman & Barr	1964
Aedes	ngong	Albuginosus	van Someren	1950
Aedes	nigerrimus	Mucidus	Theobald	1913
Aedes	nigrescens	Mucidus	Edwards	1929
Aedes	nigricephalus	Aedimorphus	Theobald	1901
Aedes	nigrinus	Ochlerotatus	Eckstein	1918
Aedes	nigripes	Ochlerotatus	Zetterstedt	1838
Aedes	nigrithorax	Ochlerotatus	Macquart	1847
Aedes	nigrocanus	Ochlerotatus	Martini	1927
Aedes	nigromaculis	Ochlerotatus	Ludlow	1906
Aedes	nigropterus	Neomelaniconion	le Goff , Boussès & Brunhes	2007
Aedes	nigrorhynchus	Hulecoeteomyia	Brug	1931
Aedes	nigrostriatus	Aedimorphus	Barraud	1927
Aedes	ningheensis	Collessius	Lei	1989
Aedes	niphadopsis	Ochlerotatus	Dyar & Knab	1918
Aedes	nipponicus	Downsiomyia	La Casse & Yamaguti	1948
Aedes	nippononiveus	Downsiomyia	Sasa & Nakahashi	1952
Aedes	nishikawai	Downsiomyia	Tanaka , Mizusawa & Saugstad	1979
Aedes	nivalis	Ochlerotatus	Edwards	1926
Aedes	niveoides	Downsiomyia	Barraud	1934
Aedes	niveoscutum	Protomacleaya	Zavortink	1972
Aedes	niveus	Downsiomyia	Ludlow	1903
Aedes	njombiensis	Stegomyia	Huang	1997
Aedes	normanensis	Ochlerotatus	Taylor	1915
Aedes	notoscriptus	Rampamyia	Skuse	1889
Aedes	novalbitarsis	Patmarksia	King & Hoogstraal	1946
Aedes	novalbopictus	Stegomyia	Barraud	1931
Aedes	novoniveus	Downsiomyia	Barraud	1934
Aedes	nubilus	Ochlerotatus	Theobald	1903
Aedes	nummatus	Tewarius	Edwards	1923
Aedes	nyasae	Hopkinsius	Edwards	1930
Aedes	nyounae	Catageiomyia	Hamon & Adam	1959
Aedes	oakleyi	Aedimorphus	Stone	1939
Aedes	obturbator	Ochlerotatus	Dyar & Knab	1907
Aedes	occidentalis	Dobrotworskyius	Skuse	1889
Aedes	oceanicus	Finlaya	Belkin	1962
Aedes	ochraceus	Aedimorphus	Theobald	1901
Aedes	okinawanus	Bruceharrisonius	Bohart	1946
Aedes	oligopistus	Ochlerotatus	Dyar	1918
Aedes	omorii	Downsiomyia	Lien	1968
Aedes	opok	Stegomyia	Corbet & van Someren	1962
Aedes	orbitae	Aedimorphus	Edwards	1922
Aedes	oreophilus	subgenus uncertain	Edwards	1916
Aedes	osornoi	Howardina	Berlin	1969
Aedes	ostentatio	Paraedes	Leicester	1908
Aedes	ovazzai	Aedimorphus	Hamon & Adam	1959
Aedes	pachyurus	Aedimorphus	Edwards	1936
Aedes	pagei	Paraedes	Ludlow	1911
Aedes	palauensis	Stegomyia	Bohart	1957
Aedes	palawanicus	Cancraedes	Mattingly	1958
Aedes	pallidostriatus	Aedimorphus	Theobald	1907
Aedes	pallirostris	Hulecoeteomyia	Edwards	1922
Aedes	palmarum	Patmarksia	Edwards	1924
Aedes	palpalis	Neomelaniconion	Newstead	1907
Aedes	pampangensis	Aedimorphus	Ludlow	1905
Aedes	pandani	Stegomyia	Stone	1939
Aedes	papago	Abraedes	Zavortink	1970
Aedes	papuensis	Patmarksia	Taylor	1914
Aedes	paradissimilis	Kenknightia	Rozeboom	1946
Aedes	patersoni	Ochlerotatus	Shannon & del Ponte	1928
Aedes	patriciae	Stegomyia	Mattingly	1954
Aedes	paullusi	Stegomyia	Stone & Farner	1945
Aedes	pecori	Kenknightia	Reinert	1990
Aedes	pectinatus	Ochlerotatus	Arnell	1976
Aedes	pecuniosus	Molpemyia	Edwards	1922
Aedes	peipingensis	subgenus uncertain	Feng	1938
Aedes	pembaensis	Skusea	Theobald	1901
Aedes	penghuensis	Cancraedes	Lien	1968
Aedes	pennai	Ochlerotatus	Antunes & Lane	1938
Aedes	periskelatus	Dendroskusea	Giles	1902
Aedes	perkinsi	Ochlerotatus	Marks	1949
Aedes	pernotatus	Stegomyia	Farner & Bohart	1944
Aedes	perplexus	Stegomyia	Leicester	1908
Aedes	perryi	Geoskusea	Belkin	1962
Aedes	pertinax	Ochlerotatus	Grabham	1906
Aedes	perventor	Sallumia	Cerqueira & Costa	1946
Aedes	pexus	Downsiomyia	Colless	1958
Aedes	peytoni	Ayurakitia	Reinert	1972
Aedes	phaecasiatus	Ochlerotatus	Marks	1964
Aedes	phaeonotus	Ochlerotatus	Arnell	1976
Aedes	phillipi	Zavortinkius	van Someren	1949
Aedes	phoeniciae	Acartomyia	Coluzzi & Sabatini	1968
Aedes	pholeocola	Nyctomyia	Linton & Harbach	2013
Aedes	phyllolabis	Catageiomyia	Edwards	1929
Aedes	pia	Stegomyia	le Goff & Robert	2013
Aedes	pillaii	Rhinoskusea	Mattingly	1958
Aedes	pingpaensis	Edwardsaedes	Chang	1965
Aedes	pionips	Ochlerotatus	Dyar	1919
Aedes	pipersalatus	Aedimorphus	Giles	1902
Aedes	plagosus	subgenus uncertain	Marks	1959
Aedes	platylepidus	Scutomyia	Knight & Hull	1951
Aedes	plumiferus	Phagomyia	King & Hoogstraal	1946
Aedes	podographicus	Protomacleaya	Dyar & Knab	1906
Aedes	pogonurus	Neomelaniconion	Edwards	1936
Aedes	poicilius	Finlaya	Theobald	1903
Aedes	pollinctor	Zavortinkius	Graham	1910
Aedes	polynesiensis	Stegomyia	Marks	1951
Aedes	portonovoensis	Rhinoskusea	Tewari & Hiriyan	1992
Aedes	postspiraculosus	Pseudoskusea	Dobrotworsky	1961
Aedes	poweri	Stegomyia	Theobald	1905
Aedes	procax	Ochlerotatus	Skuse	1889
Aedes	prominens	Phagomyia	Barraud	1923
Aedes	provocans	Rusticoidus	Walker	1848
Aedes	pseudalbolineatus	Scutomyia	Brug	1939
Aedes	pseudalbopictus	Stegomyia	Borel	1928
Aedes	pseudoafricanus	Stegomyia	Chwatt	1949
Aedes	pseudodominicii	Howardina	Komp	1936
Aedes	pseudonigeria	Stegomyia	Theobald	1910
Aedes	pseudoniveus	Downsiomyia	Theobald	1905
Aedes	pseudonormanensis	Ochlerotatus	Marks	1949
Aedes	pseudonummatus	Tewarius	Reinert	1973
Aedes	pseudoscutellaris	Stegomyia	Theobald	1910
Aedes	pseudotaeniatus	Collessius	Giles	1901
Aedes	pseudotarsalis	Catageiomyia	van Someren	1946
Aedes	pubescens	Aedimorphus	Edwards	1925
Aedes	pulchrithorax	Vansomerenis	Edwards	1939
Aedes	pulchriventer	Gilesius	Giles	1901
Aedes	pulcritarsis	Ochlerotatus	Rondani	1872
Aedes	pullatus	Ochlerotatus	Coquillett	1904
Aedes	pulverulentus	Indusius	Edwards	1922
Aedes	punctifemoris	Aedimorphus	Ludlow	1921
Aedes	punctipes	Petermattinglyius	Edwards	1921
Aedes	punctocostalis	Neomelaniconion	Theobald	1909
Aedes	punctodes	Ochlerotatus	Dyar	1922
Aedes	punctor	Ochlerotatus	Kirby	1837
Aedes	punctothoracis	Catageiomyia	Theobald	1909
Aedes	purpuraceus	Ochlerotatus	Brug	1932
Aedes	purpureifemur	Ochlerotatus	Marks	1959
Aedes	purpureipes	Kompia	Aitken	1941
Aedes	purpureus	Molpemyia	Theobald	1910
Aedes	purpuriventris	Ochlerotatus	Edwards	1926
Aedes	quadripunctis	Mucidus	Ludlow	1910
Aedes	quadrivittatus	Howardina	Coquillett	1902
Aedes	quasiferinus	Mucidus	Mattingly	1961
Aedes	quasirubithorax	subgenus uncertain	Theobald	1910
Aedes	quasirusticus	Rusticoidus	Torres , Cañamares	1951
Aedes	quasiscutellaris	Stegomyia	Farner & Bohart	1944
Aedes	quasiunivittatus	Aedimorphus	Theobald	1901
Aedes	quinquelineatus	Rampamyia	Edwards	1922
Aedes	ramachandrai	Dendroskusea	Reuben	1967
Aedes	ramirezi	Aztecaedes	Vargas & Downs	1950
Aedes	ratcliffei	Ochlerotatus	Marks	1959
Aedes	raymondi	Ochlerotatus	del Ponte , Castro & Garcia	1951
Aedes	reali	Catageiomyia	Hamon & Adam	1959
Aedes	refiki	Rusticoidus	Medschid	1928
Aedes	reginae	Dendroskusea	Edwards	1922
Aedes	reinerti	Hulecoeteomyia	Rattanarithikul & Harrison	1988
Aedes	rempeli	Ochlerotatus	Vockeroth	1954
Aedes	reubenae	Tewarius	Tewari & Hiriyan	1992
Aedes	rhungkiangensis	Stegomyia	Chang & Chang	1974
Lima,	rhyacophilus	1933	da	Costa,
Aedes	rickenbachi	Aedimorphus	Hamon & Adam	1959
Aedes	riparioides	Ochlerotatus	Su & Zhang	1987
Aedes	riparius	Ochlerotatus	Dyar & Knab	1907
Aedes	riversi	Stegomyia	Bohart & Ingram	1946
Aedes	rizali	Hulecoeteomyia	Banks	1906
Aedes	roai	subgenus uncertain	Belkin	1962
Aedes	robinsoni	Stegomyia	Belkin	1962
Aedes	rodhaini	Paulianius	Brunhes & Boussès	2017
Aedes	rossicus	Aedes	Dolbeskin , Gorickaja & Mitrofanova	1930
Aedes	rotanus	Stegomyia	Bohart & Ingram	1946
Aedes	rotumae	Stegomyia	Belkin	1962
Aedes	rubiginosus	subgenus uncertain	Belkin	1962
Aedes	rubrithorax	Dobrotworskyius	Macquart	1850
Aedes	rupestris	Dobrotworskyius	Dobrotworsky	1959
Aedes	rusticus	Rusticoidus	Rossi	1790
Aedes	ruwenzori	Stegomyia	Haddow & van Someren	1950
Aedes	sagax	Ochlerotatus	Skuse	1889
Aedes	saimedres	Stegomyia	Huang	1988
Aedes	saipanensis	Stegomyia	Stone	1945
Aedes	sallumae	Ochlerotatus	González & Reyes	2017
Aedes	samoanus	Finlaya	Grünberg	1913
Aedes	sampi	Stegomyia	Huang	2004
Aedes	sandrae	Protomacleaya	Zavortink	1972
Aedes	saperoi	Downsiomyia	Knight	1946
Aedes	sapiens	Ochlerotatus	Marks	1964
Aedes	sasai	Aedes	Tanaka , Mizusawa & Saugstad	1975
Aedes	savoryi	Tanakaius	Bohart	1957
Aedes	saxicola	Hulecoeteomyia	Edwards	1922
Aedes	scanloni	Petermattinglyius	Reinert	1970
Aedes	scapularis	Ochlerotatus	Rondani	1848
Aedes	scatophagoides	Mucidus	Theobald	1901
Aedes	schicki	Protomacleaya	Zavortink	1972
Aedes	schizopinax	Ochlerotatus	Dyar	1929
Aedes	schlosseri	Finlaya	Belkin	1962
Aedes	schroederi	Protomacleaya	Schick	1970
Aedes	schtakelbergi	Ochlerotatus	Shingarev	1928
Aedes	schwetzi	Stegomyia	Edwards	1926
Aedes	scutellalbum	Ochlerotatus	Boshell Manrique	1939
Aedes	scutellaris	Stegomyia	Walker	1859
Aedes	scutoscriptus	Stegomyia	Bohart & Ingram	1946
Aedes	seampi	Stegomyia	Huang	1974
Aedes	seatoi	Stegomyia	Huang	1969
Aedes	sedaensis	Ochlerotatus	Lei	1989
Aedes	segermanae	Stegomyia	Huang	1997
Aedes	semlikiensis	Aedimorphus	van Someren	1950
Aedes	senyavinensis	Aedimorphus	Knight & Hurlbut	1949
Aedes	seoulensis	Hopkinsius	Yamada	1921
Aedes	septemstriatus	Howardina	Dyar & Knab	1907
Aedes	sergievi	Ochlerotatus	Danilov , Markovich & Proskuryakova	1978
Aedes	serratus	Ochlerotatus	Theobald	1901
Aedes	sexlineatus	Howardina	Theobald	1901
Aedes	shannoni	Ochlerotatus	Vargas & Downs	1950
Aedes	shehzadae	Downsiomyia	Qutubuddin	1972
Aedes	sherki	Hulecoeteomyia	Knight	1948
Aedes	shortti	Collessius	Barraud	1923
Aedes	sibiricus	Stegomyia	Danilov & Filippova	1978
Aedes	sierrensis	Jarnellius	Ludlow	1905
Aedes	silvestris	Ochlerotatus	Dobrotworsky	1961
Aedes	simanini	Ochlerotatus	Gutsevich	1966
Aedes	simlensis	Himalaius	Edwards	1922
Aedes	simplex	Cancraedes	Theobald	1903
Aedes	simpsoni	Stegomyia	Theobald	1905
Aedes	simulans	Elpeytonius	Newstead & Carter	1911
Aedes	sinensis	Downsiomyia	Chow	1950
Aedes	sinkiangensis	Ochlerotatus	Hsiao	1977
Aedes	sintoni	subgenus uncertain	Barraud	1924
Aedes	smithburni	Catageiomyia	van Someren	1950
Aedes	soleatus	Stegomyia	Edwards	1924
Aedes	sollicitans	Ochlerotatus	Walker	1856
Aedes	solomonis	Finlaya	Stone & Bohart	1944
Aedes	sorsogonensis	Finlaya	Bañez & Jueco	1966
Aedes	spencerii	Ochlerotatus	Theobald	1901
Aedes	spilotus	Ochlerotatus	Marks	1963
Aedes	spinosipes	Macleaya	Edwards	1922
Aedes	spinosus	Howardina	Berlin	1969
Aedes	squamiger	Ochlerotatus	Coquillett	1902
Aedes	stanleyi	subgenus uncertain	Peters	1963
Aedes	stenei	Howardina	Thompson	1956
Aedes	stenoetrus	Aedimorphus	Theobald	1907
Aedes	stenoscutus	Catageiomyia	Edwards	1912
Aedes	stevensoni	Phagomyia	Barraud	1923
Aedes	sticticus	Ochlerotatus	Meigen	1838
Aedes	stigmaticus	Ochlerotatus	Edwards	1922
Aedes	stimulans	Ochlerotatus	Walker	1848
Aedes	stokesi	Albuginosus	Evans	1929
Aedes	stonei	Finlaya	Knight & Laffoon	1946
Aedes	stoneorum	Macleaya	Marks	1977
Aedes	stramineus	Ochlerotatus	Dubitzky	1970
Aedes	strelitziae	Stegomyia	Muspratt	1950
Aedes	stricklandi	Ochlerotatus	Edwards	1912
Aedes	subalbirostris	Ochlerotatus	Klein & Marks	1960
Aedes	subalbitarsis	Patmarksia	King & Hoogstraal	1946
Aedes	subalbopictus	Stegomyia	Barraud	1931
Aedes	subargenteus	Stegomyia	Edwards	1925
Aedes	subauridorsum	subgenus uncertain	Marks	1948
Aedes	subbasalis	Dobrotworskyius	Dobrotworsky	1962
Aedes	subdentatus	Aedimorphus	Edwards	1936
Aedes	subdiversus	Rusticoidus	Martini	1926
Aedes	subniveus	Downsiomyia	Edwards	1922
Aedes	sudanensis	Mucidus	Theobald	1908
Aedes	suffusus	subgenus uncertain	Edwards	1922
Aedes	sumidero	Protomacleaya	Schick	1970
Aedes	surcoufi	Ochlerotatus	Theobald	1912
Aedes	sylvaticus	Neomelaniconion	le Goff , Boussès & Brunhes	2007
Aedes	synchytus	Ochlerotatus	Arnell	1976
Aedes	syntheticus	Aedimorphus	Barraud	1928
Aedes	tabu	Stegomyia	Ramalingam & Belkin	1965
Aedes	taeniarostris	Neomelaniconion	Theobald	1909
Aedes	taeniorhynchoides	Aedimorphus	Christophers	1911
Aedes	taeniorhynchus	Ochlerotatus	Wiedemann	1821
Aedes	tahoensis	Ochlerotatus	Dyar	1916
Aedes	taiwanus	Bruceharrisonius	Lien	1968
Aedes	tarsalis	Catageiomyia	Newstead	1907
Aedes	tauffliebi	Aedimorphus	Rickenbach & Ferrara	1965
Aedes	taylori	Diceromyia	Edwards	1936
Aedes	teesdalei	Albuginosus	van Someren	1954
Aedes	tehuantepec	Protomacleaya	Schick	1970
Aedes	terrens	Protomacleaya	Walker	1856
Aedes	thailandensis	Paraedes	Reinert	1976
Aedes	thelcter	Ochlerotatus	Dyar	1918
Aedes	theobaldi	Ochlerotatus	Taylor	1914
Aedes	thibaulti	Ochlerotatus	Dyar & Knab	1910
Aedes	thomsoni	Christophersiomyia	Theobald	1905
Aedes	thorntoni	Protomacleaya	Dyar & Knab	1907
Aedes	thurmanae	Cancraedes	Mattingly	1958
Aedes	timorensis	Geoskusea	Miyagi , Toma & Lien	2004
Aedes	tiptoni	Paulianius	Grjebine	1953
Aedes	togoi	Tanakaius	Theobald	1907
Aedes	tongae	Stegomyia	Edwards	1926
Aedes	tonkinensis	Collessius	Galliard & Ngu	1947
Aedes	tonkingi	Mucidus	Gebert	1948
Aedes	tonsus	Geoskusea	Edwards	1924
Aedes	tormentor	Ochlerotatus	Dyar & Knab	1906
Aedes	tortilis	Ochlerotatus	Theobald	1903
Aedes	toxopeusi	subgenus uncertain	Bonne Wepster	1948
Aedes	tremulus	Macleaya	Theobald	1903
Aedes	treubi	Alanstonea	de Meijere	1910
Aedes	tricholabis	Aedimorphus	Edwards	1941
Aedes	trimaculatus	Aedimorphus	Theobald	1905
Aedes	triseriatus	Protomacleaya	Say	1823
Aedes	trivittatus	Ochlerotatus	Coquillett	1902
Aedes	trukensis	Aedimorphus	Bohart	1957
Aedes	tsiliensis	subgenus uncertain	King & Hoogstraal	1946
Aedes	tubbutiensis	Dobrotworskyius	Dobrotworsky	1959
Aedes	tulagiensis	Stegomyia	Edwards	1926
Aedes	tulliae	Macleaya	Taylor	1929
Aedes	turneri	Ochlerotatus	Marks	1963
Aedes	tutuilae	Finlaya	Ramalingam & Belkin	1965
Aedes	unicinctus	Jihlienius	Edwards	1922
Aedes	unidentatus	Neomelaniconion	McIntosh	1971
Aedes	unilineatus	Stegomyia	Theobald	1906
Aedes	upatensis	Ochlerotatus	Anduze & Hecht	1943
Aedes	upolensis	Stegomyia	Marks	1957
Aedes	usambara	Stegomyia	Mattingly	1953
Aedes	valeryi	Aedes	Gornostaeva	2005
Aedes	vanus	Downsiomyia	Colless	1958
Aedes	vanemdeni	Howardina	Martini	1931
Aedes	vargasi	Protomacleaya	Schick	1970
Aedes	variepictus	Huaedes	King & Hoogstraal	1946
Aedes	varipalpus	Jarnellius	Coquillett	1902
Aedes	varuae	Stegomyia	Belkin	1962
Aedes	veeniae	Catageiomyia	McIntosh	1975
Aedes	ventrovittis	Ochlerotatus	Dyar	1916
Aedes	versicolor	subgenus uncertain	Barraud	1924
Aedes	vexans	Aedimorphus	Meigen	1830
Aedes	vigilax	Ochlerotatus	Skuse	1889
Aedes	vinsoni	Stegomyia	Mattingly	1953
Aedes	vittatus	Fredwardsius	Bigot	1861
Aedes	vittiger	Ochlerotatus	Skuse	1889
Aedes	wadai	Stegomyia	Tanaka , Mizusawa & Saugstad	1979
Aedes	w-albus	Stegomyia	Theobald	1905
Aedes	walkeri	Howardina	Theobald	1901
Aedes	wallacei	Finlaya	Edwards	1926
Aedes	wardangensis	Halaedes	Brust , Ballard , Driver , Hartley , Galway & Curran	1998
Aedes	wardi	Rhinoskusea	Reinert	1976
Aedes	washinoi	Ochlerotatus	Lanzaro & Eldridge	1992
Aedes	wasselli	subgenus uncertain	Marks	1947
Aedes	watasei	Phagomyia	Yamada	1921
Aedes	watteni	Downsiomyia	Lien	1968
Aedes	wattensis	Macleaya	Taylor	1929
Aedes	wauensis	Huaedes	Huang	1968
Aedes	wellmanii	Hopkinsius	Theobald	1905
Aedes	wendyae	Catageiomyia	Service	1959
Aedes	whartoni	Petermattinglyius	Mattingly	1965
Aedes	whitmorei	Howardina	Dunn	1918
Aedes	wigglesworthi	Aedimorphus	Edwards	1941
Aedes	wilkersoni	Kenknightia	Reinert	1990
Aedes	woodi	Stegomyia	Edwards	1922
Aedes	yamadai	Aedes	Sasa , Kano & Takahasi	1950
Aedes	yangambiensis	Catageiomyia	de Meillon & Lavoipierre	1944
Aedes	yunnanensis	Hulecoeteomyia	Gaschen	1934
Aedes	yvonneae	Catageiomyia	Edwards	1941
Aedes	zammitii	Acartomyia	Theobald	1903
Aedes	zavortinki	Protomacleaya	Schick	1970
Aedes	zethus	Paulianius	de Meillon & Lavoipierre	1944
Aedes	zoosophus	Protomacleaya	Dyar & Knab	1918